node_id,site_lat,site_long,site_name
202498,45.045003,7.6609632,"Torino Corso Unione Sovietica, 91"
202499,45.0450073,7.6609574,Torino
202789,45.0336684,7.67461,"Torino Via Gianfranco Zuretti, 29"
202790,45.0336628,7.67461,Torino
202792,45.0785114,7.6330979,"Torino Via Baveno, 46"
202793,45.119487,7.7447502,"Torino Strada Settimo, 366"
202794,45.1194885,7.7447491,Torino
202795,45.0353652,7.667221,Torino Via Ermanno Fenoglietti c/o Eataly
202796,45.0354609,7.6667078,Torino Via Ermanno Fenoglietti c/o Eataly
202880,45.1078354,7.6248151,Torino Corso Ferrara
202881,45.1078336,7.6248155,Torino
202882,45.1306588,7.7162796,"Torino Via degli Ulivi, 37"
202883,45.1306553,7.7162837,Torino
202884,45.0694112,7.667046,"Torino Corso Matteotti, 42"
202885,45.0694162,7.6670518,Torino
202892,45.0709809,7.6325739,"Torino Corso Peschiera, 275"
202893,45.0709787,7.6325737,Torino
202894,45.098398,7.6518157,Torino Corso Toscana
202895,45.0983955,7.6518115,Torino
202941,45.1081353,7.6848857,"Torino Via Ala di Stura, 77/C"
202942,45.1081317,7.6848837,Torino
202943,45.1095835,7.6653863,"Torino Via Giorgio De Geneys, 18"
202944,45.1049542,7.6765101,"Torino Corso Grosseto, 122"
202945,45.0701624,7.6182357,"Torino Via Francesco De Sanctis, 54"
202946,45.0701612,7.6182341,Torino
202947,45.031657,7.6513648,"Torino Corso Eusebio Giambone, 43"
202948,45.0316517,7.6513597,Torino
203016,45.0574888,7.6623572,"Torino Via Cristoforo Colombo, 26"
203017,45.0574871,7.6623589,Torino
203052,45.0751798,7.656577,Torino Via Susa
203053,45.0751768,7.6565795,Torino
203126,45.0717145,7.6420632,"Torino Via Capriolo, 18"
203127,45.081309,7.6952016,"Torino Via Carlo Pedrotti, 5"
203128,45.0813089,7.695199,Torino
203133,45.0847776,7.6795877,"Torino Strada del Fortino, 28"
203134,45.1043109,7.6948546,"Torino Piazza Rebaudengo, 21"
203135,45.1043082,7.6948554,Torino
203136,45.0661518,7.6923792,"Torino Via Principe Amedeo, 47"
203137,45.1012946,7.6388411,"Torino Corso Molise, 32"
203138,45.101298,7.6388354,Torino
203146,45.0762481,7.6858975,Torino
203147,45.1171162,7.7009392,Torino Strada dell'Antioca
203149,45.061166,7.6392871,Torino Telecom Via Lancia
203150,45.061164,7.639287,Torino
203171,45.0922193,7.6777202,"Torino Via Stradella, 30"
203172,45.0922223,7.677718,Torino
203193,45.0099864,7.6852239,Moncalieri Strada Torino
203194,45.0732624,7.6717159,"Torino Via Bertola, 49"
203195,45.0732675,7.6717116,Torino
203229,45.0796768,7.6839737,"Torino Via Borgo Dora, 22"
203230,45.0796794,7.6839707,Torino
203231,45.0422031,7.6723085,"Torino Corso Bramante, 80"
203232,45.0422019,7.6723088,Torino
203233,45.0996601,7.6592696,"Torino Corso Potenza, 135"
203234,45.0996594,7.6592689,Torino
203235,45.0477181,7.6799535,"Torino Corso Massimo D'Azeglio, 21"
203236,45.074647,7.6978834,"Torino Lungo Dora Firenze, 129"
203237,45.0746516,7.6978863,Torino
203241,45.099025,7.6813149,"Torino Via Breglio, 34"
203242,45.0990264,7.6813118,Torino
203243,45.0649997,7.6817589,"Torino Via Piero Gobetti, 15"
203244,45.0650041,7.6817602,Torino
203256,45.0794895,7.6370605,"Torino Corso Monte Grappa, 39"
203257,45.0794862,7.6370595,"Torino Corso Monte Grappa, 39"
203270,45.0239701,7.6545573,"Torino Via Passo Buole, 59"
203306,45.0901086,7.6890236,"Torino Corso Vercelli, 64"
203307,45.0901074,7.689023,Torino
203314,45.0493338,7.6613507,"Torino Corso Re Umberto, 139"
203315,45.0493291,7.6613479,Torino
203317,45.0733881,7.7242215,"Torino Via Oropa, 134"
203318,45.073391,7.724224,Torino
203347,45.0899075,7.7011177,Torino
203348,45.087254,7.6994175,Torino Via Giovanni Pacini
203349,45.1261071,7.6627218,Torino Svincolo Uscita Borgaro
203350,45.1261022,7.6627219,Torino
203387,45.0562884,7.6524446,"Torino Corso Lione, 70"
203388,45.0562884,7.6524466,Torino
203389,45.0624146,7.629463,"Torino Corso Monte Cucco, 146"
203390,45.0624092,7.6294611,Torino
203393,45.1083945,7.6512853,"Torino Via Andrea Sansovino, 217"
203394,45.1083888,7.6512856,Torino
203395,45.065432,7.6956943,"Torino Piazza Vittorio Veneto, 13"
203396,45.0685059,7.6436196,Torino
203397,45.0692828,7.6401694,"Torino Via Frassineto, 40"
203398,45.0739042,7.7172567,"Torino Corso Belgio, 95"
203400,45.0362555,7.623685,"Torino Corso Enrico Tazzoli, 160"
203430,45.0963241,7.6940525,"Torino Via Renato Martorelli, 52"
203431,45.0963215,7.6940496,Torino
203467,45.0382279,7.6566014,"Torino Via Filadelfia, 42"
203468,45.0382331,7.6566061,Torino
203483,45.0789478,7.6494615,"Torino Corso Svizzera, 29"
203484,45.0789475,7.6494609,Torino
203485,45.0728902,7.6292445,"Torino Corso Peschiera, 342"
203486,45.0728911,7.6292426,Torino
203524,45.0741137,7.6413894,"Torino Corso Trapani, 16"
203597,45.023533,7.6675091,"Torino Via Ventimiglia, 156"
203659,45.03908,7.6517871,"Torino Corso Unione Sovietica, 214"
203696,45.0672388,7.6964474,Torino
203697,45.0692275,7.6946405,"Torino Via Sant'Ottavio, 20"
203709,45.0270136,7.6361134,"Torino Corso Giovanni Agnelli, 200"
203758,45.0752237,7.6693057,Torino Corso San Martino
203774,45.0753486,7.6698497,"Torino Via Boucheron, 15"
203845,45.0877963,7.6879638,"Torino Via Pinerolo, 22/24"
203867,45.017803,7.6527098,"Torino Via Onorato Vigliani, 161"
203868,45.0178005,7.6527106,Torino
203869,45.101981,7.7009195,"Torino Via Sandro Botticelli, 2"
203870,45.1019806,7.7009196,Torino Piazza Derna
203896,45.0659015,7.6472997,"Torino Corso Peschiera, 186"
203897,45.0658989,7.647295,Torino
203898,45.031864,7.6148818,"Torino Corso Orbassano, 448"
203963,44.9906227,7.5011071,"Rivalta di Torino ZI Via I Maggio, 91"
204042,45.0301642,7.6185723,"Torino Corso Luigi Settembrini, 178"
204046,45.0710885,7.6842424,Torino Piazza Castello
204049,45.0714892,7.6839238,"Torino Via Giuseppe Garibaldi, 5"
204050,45.0714891,7.6839258,Torino
204093,45.1368682,7.6707273,"Torino Strada del Francese, 117"
204162,45.0588407,7.649519,Torino Via Osasco
204235,45.0634406,7.6309136,Torino Corso Monte Cucco
204237,45.0165123,7.6547836,Torino Via Monastir
204238,45.0978143,7.7063418,"Torino Via Giuseppe Tartini, 44"
204239,45.0978146,7.7063456,Torino
204310,45.0526201,7.6519779,Torino Corso Adriatico
204322,45.0666292,7.7147211,"Torino Via Montemagno, 37"
204323,45.0666322,7.7147208,Torino
204324,45.0570008,7.7045576,Torino Strada Santa Margherita
204325,45.0593395,7.6686408,"Torino Via Valeggio, 26"
204326,45.0387685,7.6812592,"Torino Corso Sicilia, 47"
204327,45.0387742,7.6812584,Torino
204456,45.0747622,7.6296649,"Torino Corso Francia, 257"
204460,45.0447069,7.6812447,Torino Corso Galileo Galilei
204462,45.129041,7.6700926,Torino Strada del Francese
204463,45.1290485,7.6700953,Torino
204589,45.0847801,7.6795869,"Torino Strada del Fortino, 28"
204596,45.0462836,7.6453597,"Torino Corso Orbassano, 126"
204601,45.0633262,7.6948763,"Torino Via Alfonso Bonafous, 5"
204603,45.099958,7.6447191,"Torino Corso Lucio Quinzio Cincinnato, 168"
204604,45.0999561,7.6447161,Torino
204606,45.0390122,7.6421877,"Torino Piazza Montanari, 168"
204608,45.0287533,7.6426542,Torino Corso Unione Sovietica
204662,45.1072418,7.6454521,"Torino Corso Grosseto, 366"
204663,45.1072496,7.6454513,Torino
204664,45.0852168,7.6672819,"Torino Via Graziadio Ascoli, 27"
204665,45.0852203,7.6672827,Torino
204744,45.0218877,7.6628401,"Torino Via Nizza, 352"
204745,45.0218902,7.6628354,Torino
204748,45.0761176,7.6633106,"Torino Corso Francia, 17"
204749,45.0761184,7.6633078,Torino
204809,45.0633266,7.6948796,Torino
204812,45.0596452,7.6885956,"Torino Corso Vittorio Emanuele II, 12"
204818,45.1060846,7.7430728,"Torino Strada del Cascinotto, 163"
205133,45.0736665,7.6606847,"Torino Via Pietro Palmieri, 40"
205134,45.0736647,7.6606843,Torino
205135,45.1058182,7.6927679,Torino
205137,45.0947877,7.6508408,"Torino Via Verolengo, 195"
205206,45.0561323,7.6722947,"Torino Via Paolo Sacchi, 58"
205207,45.0561287,7.6722938,Torino
205212,45.0663269,7.7145638,"Torino Via Montemagno, 34"
205243,45.0437842,7.7030809,Torino Strada Antica di Revigliasco
205244,45.0437893,7.7030856,Torino
205245,45.0956266,7.7118668,"Torino Corso Taranto, 176"
205247,45.0654173,7.6573595,Torino
205303,45.1065868,7.7268427,"Torino Strada Settimo, 153"
205304,45.070777,7.6463215,"Torino Corso Racconigi, 32"
205332,45.063889,7.6618639,Torino
205362,45.0586784,7.6853223,"Torino Via Galliari, 31"
205451,45.1188458,7.7334328,Torino Strada della Cebrosa
205453,45.0668655,7.6810821,Torino
205462,45.0610244,7.6710232,"Torino Corso Re Umberto, 34"
205463,45.0610237,7.6710236,Torino
205522,45.0639419,7.6745995,"Torino Corso Vittorio Emanuele II, 71"
205587,45.0146943,7.6821105,"Moncalieri Strada Torino, 82"
205598,45.0692993,7.7068934,Torino Corso Regina Margherita
205599,45.0693018,7.7068911,Torino Corso Regina Margherita
205600,45.0636692,7.6672391,"Torino Corso Stati Uniti, 35"
205601,45.0425109,7.6480709,Torino Corso Agnelli
205657,45.0366525,7.6515648,Torino Corso Unione Sovietica
205661,45.1030439,7.7381519,Torino Strada da Bertolla all'Abbadia
205662,45.1030424,7.7381536,Torino
205712,45.1404344,8.4481165,Casale Monferrato Via Torino
205715,45.0743721,7.6811153,"Torino Via San Domenico, 5"
205716,45.0743777,7.6811127,Torino
205718,45.0512317,7.6674304,"Torino Corso Filippo Turati, 39"
205719,45.0512325,7.6674276,Torino
205787,45.0998515,7.3587844,Sant'Ambrogio di Torino Via Sestriere
205907,45.0684866,7.6696218,"Torino Corso Giacomo Matteotti, 32"
205908,45.0684843,7.6696277,Torino
206084,45.0933713,7.6715413,"Torino Corso Benedetto Brin, 29"
206085,45.0933742,7.6715404,Torino
206087,45.3078486,7.536233,Corio Stradale Torino
206135,45.091714,7.6974156,Torino Via Brandizzo
206136,45.0917153,7.6974141,Torino
206138,45.0753613,7.7449561,Torino Strada al Traforo di Pino
206139,45.0753578,7.744952,Torino Strada al Traforo di Pino
206142,45.0154594,7.5669002,Orbassano Strada Torino
206206,45.067544,7.7221636,"Torino Via Michelangelo Tonello, 24"
206207,45.0675502,7.7221674,Torino
206210,45.0602436,7.6452481,"Torino Corso Racconigi, 158"
206263,45.0925646,7.7084183,"Torino Via Sempione, 256"
206373,45.0189974,7.6787913,Torino Corso Moncalieri
206375,45.0599039,7.6674583,"Torino Corso Galileo Ferraris, 71"
206376,45.0599062,7.6674582,Torino
206380,45.0945172,7.6920258,"Torino Via Leinì, 87"
206381,45.0945191,7.6920266,Torino
206382,45.0769426,7.6097434,"Torino Corso Francia, 426"
206554,44.9275231,7.8353192,Poirino Via Torino
206712,45.5576909,8.0618709,"Biella Via Torino, 55"
206719,45.0518729,7.6469217,Torino Via Tripoli
206768,45.0547005,7.7161321,Torino Strada Comunale Santa Margherita
206769,45.054702,7.7161317,Torino
206823,45.1109746,7.6420181,Torino Juventus Stadium Nord Est
206824,45.1084563,7.6401273,Torino
206825,45.109416,7.6425045,Torino Juventus Stadium Sud Est
206829,45.0869247,7.654172,Torino Corso Regina Margherita
206830,45.0428929,7.67503,Torino Via Ormea
206831,45.0397282,7.6577273,Torino Via Tunisi
206840,45.1052547,7.6715089,"Torino Corso Grosseto, 170"
206841,45.1052631,7.6715126,Torino
206897,45.0778723,7.6749522,"Torino Corso Valdocco, 15"
206898,45.0778716,7.6749484,Torino
206907,45.0688664,7.7002877,"Torino Via Santa Giulia, 49"
206908,45.068871,7.7002869,"Torino Via Santa Giulia, 49"
206912,45.0561323,7.6722975,"Torino Via Paolo Sacchi, 58"
206962,45.0792618,7.6752317,"Torino Corso Principe Eugenio, 2"
206963,45.0792589,7.6752288,Torino
206983,39.324643,16.242564,Rende Via Torino 2.0
207014,45.1951971,7.575476,Robassomero Via Torino
207015,45.0761874,7.6433207,Torino Corso Lecce
207115,45.0414044,7.650502,Torino
207332,45.0805439,7.6673093,Torino Via Pinelli
207336,45.0297878,7.6886255,"Torino Viale XXV Aprile, 193/C"
207338,45.0297839,7.6886215,Torino
207415,45.1091411,7.6400359,Torino Juventus Stadium
207590,44.8854281,7.3349219,Pinerolo Telecom Corso Torino
207691,45.096451,7.6801302,Torino Via Saorgio
207692,45.096452,7.6801256,Torino
207693,45.0567745,7.6837048,"Torino Via Baretti, 33"
208026,39.324905,16.2417241,Cosenza Via Torino
208088,45.0983627,7.6677412,"Torino Piazza Luigi Mattirolo, 12"
208089,45.0983621,7.6677449,"Torino Piazza Luigi Mattirolo, 12"
208102,45.0827276,7.6755365,"Torino Via Salerno, 29"
208199,45.0278714,7.5254156,Rivalta di Torino Viale Vif
208200,44.9998227,7.5066835,Rivalta di Torino Via I Maggio
208359,45.0731185,7.6715524,"Torino Corso Palestro, 20"
208655,45.0654355,7.6484189,Torino Via Perosa
208660,45.0658697,7.6959305,Torino
301966,42.2054978,14.5949276,Torino di Sangro Marina T-Mast
302134,42.2001226,14.5509521,Torino di Sangro Contrada Montesecco
310095,42.2201484,14.5704175,Torino di Sangro Loc. Lago Dragoni SS16
400677,40.9026497,14.1184123,Castello Monteleone Via Torino
450563,40.2883937,16.5683954,Montalbano Jonico Telecom Via Torino
450960,39.9222745,18.157599,Ugento Via Torino
500651,45.5428761,9.0966468,Bollate Via Torino
502104,45.4611489,9.185253,Milano Via Torino
502689,45.3123784,8.8472964,Vigevano Corso Torino
502998,45.7422906,8.6781425,Mercallo Via Torino
503664,45.4620624,9.1860216,Milano Via Torino
600296,38.141191,15.2168103,Barcellona Pozzo di Gotto Via Torino
650028,39.3249035,16.2417255,Rende Via Torino
650206,38.4257055,15.8960213,Gioia Tauro Telecom Via Torino
650297,39.0779943,17.1197284,Crotone Via Torino
700280,45.4813625,12.247099,Venezia Mestre Telecom Via Torino
701670,45.7992446,11.7165075,Pove del Grappa Via Torino
702069,45.6466403,13.7630953,Trieste Via Torino
702809,45.4802836,12.2549324,Venezia Mestre Via Torino IUAV/Campus Scientific
703370,45.3472927,11.8779573,Albignasego Via Torino
703942,45.7264313,11.6553232,Marostica ZI Via Torino
900002,45.0980375,7.6528835,Torino Corso Toscana
900003,45.046519,7.7098828,Torino Strada Comunale di Val Salice
900004,45.0889365,7.6585317,Torino Corso Svizzera
900005,45.1021559,7.6372765,Torino Corso Molise
900006,45.0390711,7.6245819,Torino Via F. Gonin
900007,45.1057982,7.7021207,"Torino Corso Giulio Cesare, 271"
900008,45.0443294,7.644987,Torino Via Tripoli
900009,45.0654379,7.6484213,Torino Via Perosa
900010,45.0714547,7.6073504,Torino Via Vandalino
900011,45.016862,7.6322114,Torino Via Pavese
900012,45.0292552,7.6862955,Torino Via all'Asilo
900014,45.0556958,7.6732579,Torino Via Sacchi
900015,45.0166777,7.6128946,Torino Strada del Drosso
900016,45.0740153,7.6581061,Torino Via Goffredo Casalis
900017,45.0270295,7.647068,Torino Telecom Via Sidoli
900018,45.0276689,7.6266742,Torino Corso G. Agnelli
900019,45.0814383,7.6610739,Torino Via San Donato
900020,45.0355042,7.6456452,Torino Via Sarpi
900021,45.0597379,7.6883855,Torino Corso Vittorio Emanuele II
900022,45.0676691,7.611672,Torino Via Chambery
900023,45.0687904,7.6999094,"Torino Via Santa Giulia, 60"
900024,45.0874737,7.7338093,Torino Strada del Meisino
900026,45.0925657,7.7084218,Torino Via Sempione
900027,45.1031414,7.663718,Torino Via Lucento
900028,45.0836035,7.6550281,Torino Corso Appio Claudio
900029,45.0729177,7.7139253,Torino Corso Chieti
900030,45.0892118,7.6839873,Torino Corso Vigevano
900031,45.079278,7.6496817,"Torino Corso Svizzera, 37"
900032,45.1178941,7.7081572,Torino Via Stefano Tempia
900033,45.0850693,7.6945044,Torino Telecom Via Novi
900034,45.0826694,7.6392247,Torino Corso Monte Grappa
900035,45.1065865,7.7268323,"Torino Strada Settimo, 153"
900036,45.100312,7.7268555,Torino Via Damiano Chiesa
900037,45.0700634,7.6180691,Torino Via Francesco De Sanctis
900038,45.0945219,7.6920307,Torino Via Leinì
900039,45.0547239,7.716086,Torino Strada Santa Margherita
900040,45.0759354,7.6229465,Torino Via L. Bellardi
900041,45.0672648,7.6878988,Torino Via San Francesco da Paola
900042,45.0619682,7.7068961,Torino Corso Quintino Sella
900044,45.0800795,7.6848845,"Torino Corso Giulio Cesare, 15"
900045,45.0374905,7.6709576,Torino Corso Spezia
900046,45.0791999,7.6751824,Torino Corso Principe Eugenio
900047,45.0478423,7.6800665,Torino Corso Massimo d'Azeglio
900048,45.0526165,7.6519789,"Torino Corso Adriatico, 20"
900050,45.0825601,7.6677489,Torino Telecom Via Don Bosco
900051,45.0951411,7.6617249,Torino Telecom Largo Borgaro
900052,45.0599029,7.6674621,"Torino Corso Galileo Ferraris, 71"
900053,45.0619406,7.6164594,Torino Telecom Via Challant
900054,45.1082905,7.6977646,Torino Corso Vercelli
900055,45.0657212,7.6403616,Torino Via Issiglio
900056,45.018994,7.6787922,"Torino Corso Moncalieri, 498"
900057,45.0730686,7.6715704,"Torino Corso Palestro, 20"
900059,45.0691851,7.6751979,Torino Telecom Via Mercantini
900060,45.1120758,7.6709726,"Torino Via Guglielmo Reiss Romoli, 274"
900062,45.0448128,7.6637933,Torino Corso Bramante
900063,45.0991343,7.7012715,Torino Telecom Monte Rosa
900064,45.0544473,7.6362153,Torino Via Gallarate
900065,45.1091406,7.6400377,Torino Juventus Stadium
900067,45.0983119,7.6676382,Torino Piazza Mattirolo
900068,45.069438,7.6268644,Torino Via Monte Ortigara
900070,45.0932921,7.671436,Torino Via Brin
900072,45.0471899,7.6183545,"Torino Strada del Barrocchio, 63/18"
900073,45.0963959,7.6801304,Torino Via Saorgio
900075,45.0707546,7.6627575,Torino Via Cavalli
900076,45.0891906,7.6784721,Torino Via Antonio Cecchi
900079,45.1089964,7.6412146,Torino Juventus Stadium Ovest
900082,45.1098501,7.6418744,Torino Juventus Stadium Est
900085,45.0244539,7.6153171,Torino Corso Agnelli
900086,45.0801501,7.7325226,Torino Strada Traforo
900087,45.0569976,7.7045573,"Torino Strada Santa Margherita, 136"
900088,45.0717178,7.6420601,"Torino Via Capriolo, 18"
900090,45.0681849,7.6912659,Torino RAI Via Verdi
900091,45.0611677,7.6392925,Torino Telecom Via Lancia
900094,45.0289124,7.6632763,Torino Lingotto Fiere
900095,45.1179532,7.7428319,"Torino Strada di Settimo, 352"
900098,45.0692782,7.7071179,Torino Piazzale Regina Margherita
900101,45.102729,7.7372112,Torino Strada Bertolla
900102,45.0435948,7.7036336,Torino Strada Antica di Revigliasco
900104,45.0873154,7.7071253,Torino Via Bologna
900106,45.0277773,7.6639026,Torino Via Nizza
900107,45.1952019,7.5754796,Robassomero Via Torino
900109,45.0658272,7.6826017,Torino Via Lagrange
900111,45.0344147,7.6667947,Torino Via Nizza
900114,45.0555982,7.6827677,Torino Via Ormea
900115,45.0447079,7.6812451,Torino Corso Galileo Galilei
900133,45.1216121,7.6552994,Torino Strada Lanzo
900140,45.0846215,7.5845171,Collegno Metropolitana di Torino
900141,44.9998299,7.5066811,Rivalta di Torino Via I Maggio
900147,45.0693478,7.6882812,Torino Via Po
900165,45.0104411,7.6850368,Moncalieri Strada Torino
900167,45.0512358,7.6674327,Torino Corso Filippo Turati
900194,45.0788361,7.5755681,Collegno Via Torino
900198,45.0762775,7.6637023,Torino Metropolitana
900214,44.9059124,8.1861394,Asti Corso Torino
900232,45.068192,7.6818481,Torino Piazza San Carlo
900250,44.9957595,7.6481757,Nichelino Via Torino
900259,44.885432,7.3349201,Pinerolo Telecom Corso Torino
900283,44.8904962,7.3489651,Pinerolo Viale Grande Torino
900286,45.1118078,7.6449395,Torino Via Druento 137
900315,45.0417606,7.6493301,Torino Stadio Olimpico
900316,45.015459,7.5669029,Orbassano Strada Torino
900327,45.0720727,7.6757932,Torino Corso Siccardi
900328,45.0414986,7.6517722,Torino
900329,45.0278712,7.5254129,Rivalta di Torino Viale Vif
900330,45.0769055,7.6098612,"Torino Corso Francia, 426"
900336,45.0918907,7.678564,"Torino Via Stradella, 20"
900337,45.0204295,7.6479968,Torino Via Duino
900339,45.0659083,7.6833409,Torino Via Lagrange Rinascente
900344,45.0338733,6.8341497,Oulx Corso Torino 15
900351,45.1744734,7.6486333,Caselle Torinese Via Torino
900356,45.1063696,7.6827003,Torino Via Cerrione
900357,45.0400522,7.5573611,Rivalta di Torino Loc. Dojrone
900358,45.0737818,7.6841795,Torino Piazza San Giovanni
900359,45.1053102,7.6534696,"Torino Corso Grosseto, 349"
900360,45.0775162,7.6966038,Torino Via Mantova
900361,45.0394528,7.6732687,Torino Via Cherasco
900369,45.0548535,7.6584483,Torino Corso Alcide de Gasperi
900370,45.0928977,7.6990588,Torino Via Cherubini
900372,45.0319467,7.6653801,Torino Via Nizza
900373,45.0736294,7.7249017,Torino Corso Cadore
900376,45.0218872,7.6628347,Torino Via Nizza
900393,45.0354334,7.6543652,Torino Via Tunisi
900402,45.1297617,7.6916641,Torino Strada Comunale del Villaretto
900405,45.0696772,7.6630623,Torino Corso Inghilterra
900412,45.1151154,7.6619129,Torino Via Quincinetto
900413,45.0339546,7.6849378,"Torino Viale XXV Aprile, 6/A"
900414,45.0549812,7.6949118,"Torino Corso Giovanni Lanza, 78"
900420,45.1328744,7.7106278,"Torino Via degli Ulivi, 17"
900439,45.1290469,7.6700966,"Torino Strada del Francese, 152"
900440,45.0810192,7.4989387,Rivoli A32 Torino Bardonecchia
900457,45.0639334,7.6602462,Torino Corso Castelfidardo
900459,45.074937,7.7449042,Torino Strada Traforo del Pino
900467,45.0692496,7.6750089,Torino Via Mercantini
900468,45.0638082,7.7004523,Torino Corso Casale
900476,45.0634348,7.6309166,"Torino Corso Monte Cucco, 125"
900486,44.9275221,7.8353239,Poirino Via Torino
900488,45.0722124,7.6933495,Torino Via Rossini
900489,45.0368524,7.6813638,"Torino Corso Moncalieri, 259"
900491,45.1052187,7.6714254,Torino Corso Grosseto
900501,44.426366,7.5572432,Cuneo Via Torino
900515,44.9848621,7.73768,"Trofarello Via Torino, 33"
900532,45.0658149,7.6897693,Torino Piazza Carlo Emanuele II
900533,45.0648183,7.6956613,Torino Piazza Vittorio Veneto
900534,45.0783615,7.6811088,Torino Via G. Cottolengo
900540,45.0849602,7.6791855,Torino Strada del Fortino
900541,45.2252872,7.6062841,Ciriè Via Torino
900544,45.0588371,7.6495202,Torino Via Osasco
900553,44.8910452,7.3794903,Pinerolo Riva Corso Torino
900560,45.0760893,7.6633282,Torino Corso Francia
900581,45.0645506,7.6777585,Torino Via Volta
900597,45.0788976,7.636821,"Torino Corso Monte Grappa, 33"
900606,45.087015,7.6689942,Torino Via Livorno ang. Via Treviso
900607,45.0469258,7.6393287,Torino Corso Sebastopoli
900618,45.087742,7.6879976,Torino Via Pinerolo
900630,45.068006,7.6526265,Torino Via Moretta
900655,45.0734228,7.6991673,Torino Università
900659,45.03343,7.6338193,Torino Via Nallino ang. Corso Siracusa
900665,45.0946438,7.6622537,Torino Via Borgaro
900697,45.0560294,7.6645989,Torino Corso Galileo Ferraris
900716,45.6001456,8.2880454,Roasio Via Torino
900744,45.0236487,7.6691078,Torino Via Ventimiglia
900749,45.0416761,7.6518834,Torino
900824,45.0998496,7.3587895,Sant'Ambrogio di Torino Via Sestriere
900846,45.2680994,7.7564235,Bosconero Cimitero Via Torino
900853,45.1907161,7.8729387,Chivasso Stradale Torino
900858,45.0640633,7.684084,"Torino Via Andrea Doria, 15"
900862,45.0502184,7.6597924,"Torino Corso Galileo Ferraris, 158"
900863,45.1013928,7.677838,"Torino Via Coppino, 96"
900864,45.102018,7.6957754,Torino Via Porpora
900865,45.0742597,7.6390053,Torino Via Rubiana
900870,45.0612772,7.6743002,"Torino Corso Stati Uniti, 7"
900876,45.0530991,7.6788028,Torino Via Valperga Caluso
900877,45.0496019,7.6332583,Torino Corso Sebastopoli
900878,45.0902113,7.6949284,Torino Via Monterosa
900879,45.0596545,7.6618796,"Torino Corso Einaudi, 43"
900880,45.071283,7.6781983,"Torino Via Bertola, 34"
900892,45.0085879,7.6476781,Torino Strada Castello di Mirafiori
900897,45.1008447,7.6831142,Torino Via Coppino
900902,45.0397331,7.6577263,Torino Via Tunisi
900903,45.0659346,7.695703,Torino Via Matteo Pescatore
900904,45.0734274,7.6806923,Torino Piazza Palazzo di Città
900906,45.0419569,7.6702636,"Torino Piazza Giosuè Carducci, 130"
900907,45.0698123,7.6861971,Torino Piazza Castello
900912,44.848468,7.4976116,Vigone Via Torino
900914,45.0518787,7.6469236,Torino Via Tripoli
900922,45.0601954,7.6451559,Torino Piazza Robilant
900925,45.0522377,7.6758667,Torino Corso Raffaello
900926,45.0510551,7.6382859,Torino Via Mombasiglio
900927,45.0869264,7.6541721,Torino Corso Regina Margherita
900928,45.0742389,7.6509585,Torino Via Mocchie
900929,45.0757482,7.6782574,Torino Via della Consolata
900932,45.0804845,7.6907785,Torino Via Bologna
900933,45.1117212,7.6708593,Torino Via Reiss Romoli
900935,45.0786077,7.6565792,Torino Corso Tassoni
900941,45.0659752,7.6801864,Torino Via Amendola
900955,45.0366526,7.6515632,"Torino Corso Unione Sovietica, 211"
900956,45.064017,7.6950409,Torino Via Bonafous
900969,45.1058074,7.6784719,Torino Telecom Via Orbetello
900970,45.0752073,7.7299433,Torino Piazza Pasini
900972,45.13435,7.7619397,Settimo Torinese Via Torino
900981,45.0747616,7.6296643,"Torino Corso Francia, 257"
900983,45.1090551,7.6600792,Torino Via Venaria
900990,45.0239928,7.6557058,Torino Corso Caio Plinio
901006,45.0428895,7.6750333,Torino Via Ormea
901008,45.0461879,7.6731121,"Torino Via Ilarione Petitti, 18"
901017,45.0663256,7.714563,"Torino Via Montemagno, 34"
901021,45.0537443,7.7021106,Torino Viale Enrico Thovez 40
901029,45.0789547,7.6627077,"Torino Via Cibrario, 33"
901030,45.0808118,7.6282551,Torino Corso Telesio
901036,45.0312816,7.6648873,Torino Via Nizza
901040,45.0685882,7.6698473,Torino Corso Matteotti
901041,45.0710958,7.6842403,"Torino Piazza Castello, 139"
901049,45.1067316,7.6296982,Torino Via delle Pervinche
901050,45.0832607,7.7035516,Torino Via Quittengo
901061,45.0679985,7.6652151,Torino Corso Vittorio Emanuele II
901065,45.0624685,7.6677742,Torino Corso Stati Uniti
901092,45.034262,7.6201215,"Torino Corso Orbassano, 378"
901095,45.0287461,7.6426534,"Torino Corso Unione Sovietica, 341"
901105,45.1779415,7.8411052,Brandizzo Via Torino
901107,45.0602853,7.6811746,Torino Via Galliari
901117,45.0142514,7.6249632,Torino Corso Unione Sovietica
901120,45.0639397,7.6745981,Torino Corso Vittorio Emanuele II
901131,45.0761928,7.6433165,Torino Corso Lecce
901132,45.0955601,7.6734601,Torino Via Stradella
901134,45.0425176,7.6480746,Torino Corso Agnelli
901135,45.0115395,7.6362853,Torino Strada delle Cacce
901136,45.0627733,7.6807932,Torino Via Lagrange
901137,45.0213892,7.625253,Torino Via Biscaretti di Ruffia
901138,45.1109321,7.6851903,Torino Via Guglielmo Reiss Romoli
901153,45.0752278,7.6693071,Torino Corso San Martino
901165,45.1010853,7.6557663,"Torino Piazza Nazario Sauro, 12"
901166,45.0476854,7.6441966,Torino Via Barletta
901168,45.0995956,7.6600285,Torino Corso Potenza
901179,45.031871,7.6148756,"Torino Corso Orbassano, 448"
901183,45.081223,7.6239638,"Torino Via Pietro Cossa, 84"
901196,45.069455,7.7440252,Torino Strada Mongreno
901198,45.0313605,7.6525691,"Torino Corso Giambone, 51"
901209,45.0165191,7.654777,Torino Via Monastir
901211,45.0295531,7.6685266,"Torino Via Cortemilia, 18"
901215,45.0619324,7.678725,Torino Stazione Porta Nuova
901228,45.0830522,7.6469593,Torino Via Lessona
901234,45.0817919,7.6147004,Torino Strada Antica di Collegno
901235,45.0616002,7.7565975,Torino Strada Alta di Mongreno
901236,45.0653882,7.6867657,Torino Via Costa
901237,45.0578026,7.6974392,Torino Via Bezzecca
901238,45.095621,7.7118645,Torino Corso Taranto
901241,45.0126539,7.5104622,Rivalta di Torino Via Giaveno
901242,45.0805507,7.667309,Torino Via Pinelli
901243,45.0941829,7.6353122,Torino Via Pietro Cossa
901244,45.0707752,7.6463179,Torino Corso Racconigi
901251,45.0728974,7.6804105,Torino Via Garibaldi 23
901253,45.0231315,7.6418292,Torino Via Cercenasco
901255,45.118843,7.7334319,Torino Strada della Cebrosa
901265,45.0908201,7.6879965,Torino Via Courmayeur
901268,45.0632399,7.6541643,"Torino Corso Peschiera, 138"
901275,45.0834553,7.6874754,"Torino Corso Giulio Cesare, 29"
901279,45.0977936,7.6287117,Torino Via Pianezza
901286,45.0713621,7.6574371,Torino Corso Vittorio Emanuele II
901288,45.0947917,7.6508441,Torino Via Verolengo
901290,45.0648928,7.6917597,Torino Via delle Rosine
901291,45.1193252,7.118239,Mattie Via Torino
901295,45.0670707,7.7218661,Torino Via Tabacchi
901300,45.0754558,7.674189,Torino Corso Valdocco
901301,45.0725529,7.6347385,"Torino Corso Monte Cucco, 29"
901329,45.0688118,7.6636155,Torino Passante TAV Sud
901330,45.1041699,7.6916689,Torino Passante TAV Nord
901332,45.0624449,7.6872851,Torino Via dei Mille
901341,45.0564361,7.6527862,Torino Corso Lione
901350,45.1060286,7.7431801,Torino Strada del Cascinotto
901352,45.0389955,7.5166102,Rivalta di Torino Via Giuseppe di Vittorio
901367,45.0694051,7.6822547,Torino Via XX Settembre
901375,45.0747016,7.6155017,Torino Corso Francia
901386,45.0696631,7.6887354,Torino Via Verdi
901390,45.041976,7.634501,Torino Corso Siracusa
901398,45.0750594,7.5209713,Rivoli Corso Torino
901402,45.4513859,7.8792337,Ivrea Via Torino
901411,45.3855593,7.6594449,Cuorgnè Via Torino
901426,45.1703905,7.8258718,Brandizzo Rotonda Via Torino Via Braida
901438,45.0959917,7.7556984,San Mauro Torinese Via Torino
901442,45.0217035,7.5136483,Rivalta di Torino Via Piossasco
901479,45.0390137,7.6421882,Torino Piazza Montanari
901487,45.0955609,7.6865497,Torino Piazza Ghirlandaio
901489,45.0773431,7.6714292,Torino Via del Carmine
901538,45.0347449,7.6743091,Torino Via Zuretti
901557,44.9626315,8.9307396,Pontecurone Stazione Via Torino
901617,45.140291,8.4479679,Casale Monferrato Via Torino
901667,44.5617153,7.7010138,Fossano Via Torino
901734,45.0926224,7.6861271,Torino
901752,45.0298072,7.6732851,Torino
901834,45.0668402,7.6605648,Torino
901853,45.0774408,7.6869604,"Torino Corso XI Febbraio, 17"
901856,45.1171229,7.7009373,Torino Strada dell'Antioca
901858,45.0675453,7.7221659,"Torino Via Michelangelo Tonello, 24"
901861,45.0215425,7.6713157,Torino
